locationId,name,postcode,sector,registrationStatus,registrationDate,careHome,services,in_jan_2026_spreadsheet,jan_2026_match_kind,jan_2026_loc_id,jan_2026_name,jan_2026_postcode,jan_2026_service_types,already_in_live_but_different_services,live_services_before,classification,locationURL
1-10205034750,Sparkles Healthcare Ltd,KT22 9AD,KT22 9,Registered,2021-01-13,N,Homecare agencies;Supported living,True,id_match,1-10205034750,Sparkles Healthcare Ltd,KT22 9AD,Homecare agencies,True,Homecare agencies,existing_record_now_admitted_by_updated_services,https://www.cqc.org.uk/location/1-10205034750
1-12912136939,ALD Support Limted,TW20 9EX,TW20 9,Registered,2022-04-07,N,Homecare agencies;Supported living,True,id_match,1-12912136939,ALD Support Limted,TW20 9EX,Homecare agencies,True,Homecare agencies,existing_record_now_admitted_by_updated_services,https://www.cqc.org.uk/location/1-12912136939
1-2112646035,Acacia Homecare Limited,TW16 7EL,TW16 7,Registered,2015-07-07,N,Homecare agencies;Supported living,True,id_match,1-2112646035,Acacia Homecare Limited,TW16 7EL,Homecare agencies,True,Homecare agencies,existing_record_now_admitted_by_updated_services,https://www.cqc.org.uk/location/1-2112646035
1-27713065213,Adelaide House Care Home,KT12 1JJ,KT12 1,Registered,2026-06-01,Y,Nursing homes,True,name+pc_match,1-3054389810,Adelaide House Care Home,KT12 1JJ,Nursing homes,False,,previously_supplied_under_different_locationId,https://www.cqc.org.uk/location/1-27713065213
1-27776403415,Walton Park Care Home,KT12 3BH,KT12 3,Registered,2026-06-22,Y,Nursing homes,True,name+pc_match,1-3857230256,Walton Park Care Home,KT12 3BH,Nursing homes|Residential homes,False,,previously_supplied_under_different_locationId,https://www.cqc.org.uk/location/1-27776403415
1-27951818739,SeeAbility Surrey North Support Service,KT22 7AH,KT22 7,Registered,2026-05-14,N,Supported living,False,none,,,,,False,,genuinely_new_since_january_2026,https://www.cqc.org.uk/location/1-27951818739
1-27990008429,Laurel Dene,TW12 1JQ,TW12 1,Registered,2026-07-01,Y,Nursing homes,True,name+pc_match,1-139851978,Laurel Dene,TW12 1JQ,Nursing homes,False,,previously_supplied_under_different_locationId,https://www.cqc.org.uk/location/1-27990008429
1-28240862424,Hallmark Esher Residences Luxury Care Home,KT10 9JH,KT10 9,Registered,2026-06-30,Y,Nursing homes,False,none,,,,,False,,genuinely_new_since_january_2026,https://www.cqc.org.uk/location/1-28240862424
1-310870757,The Grange Supported Living Service,KT23 4DZ,KT23 4,Registered,2011-09-21,N,Homecare agencies;Supported living,True,id_match,1-310870757,The Grange Supported Living Service,KT23 4DZ,Homecare agencies|Supported living,False,,previously_supplied_but_missing_from_hub,https://www.cqc.org.uk/location/1-310870757
1-3534741180,Swallowfields Care Centre,KT17 4DB,KT17 4,Registered,2017-02-25,Y,Residential homes,True,id_match,1-3534741180,Swallowfields Care Centre,KT17 4DB,Residential homes,False,,previously_supplied_but_missing_from_hub,https://www.cqc.org.uk/location/1-3534741180
1-359898714,Rosclare Residential Home Limited,KT6 7BZ,KT6 7,Registered,2012-01-22,Y,Residential homes,True,id_match,1-359898714,Rosclare Residential Home Limited,KT6 7BZ,Residential homes,False,,previously_supplied_but_missing_from_hub,https://www.cqc.org.uk/location/1-359898714
1-3626380476,Reedsfield Care Ltd,TW20 9HE,TW20 9,Registered,2017-03-23,N,Homecare agencies;Supported living,True,id_match,1-3626380476,Reedsfield Care Ltd,TW20 9HE,Homecare agencies|Supported living,False,,previously_supplied_but_missing_from_hub,https://www.cqc.org.uk/location/1-3626380476
1-3837014544,Optima Care Shine London Limited,TW11 8LZ,TW11 8,Registered,2017-05-22,N,Supported living,True,id_match,1-3837014544,Optima Care Shine London Limited,TW11 8LZ,Supported living,False,,previously_supplied_but_missing_from_hub,https://www.cqc.org.uk/location/1-3837014544
1-3857230256,Walton Park Care Home,KT12 3BH,KT12 3,Registered,2017-05-26,Y,Nursing homes,True,id_match,1-3857230256,Walton Park Care Home,KT12 3BH,Nursing homes|Residential homes,False,,previously_supplied_but_missing_from_hub,https://www.cqc.org.uk/location/1-3857230256
1-3997000739,Elysium Care Partnerships Limited - 187 Nursery Road,TW16 6LX,TW16 6,Registered,2017-06-29,Y,Residential homes,True,id_match,1-3997000739,Elysium Care Partnerships Limited - 187 Nursery Road,TW16 6LX,Residential homes,False,,previously_supplied_but_missing_from_hub,https://www.cqc.org.uk/location/1-3997000739
1-410293045,Linden House,KT17 4HF,KT17 4,Registered,2012-02-28,Y,Residential homes,True,id_match,1-410293045,Linden House,KT17 4HF,Residential homes,False,,previously_supplied_but_missing_from_hub,https://www.cqc.org.uk/location/1-410293045
1-4126012893,Springfield House Nursing Home,KT11 3AS,KT11 3,Registered,2017-08-04,Y,Nursing homes,True,id_match,1-4126012893,Springfield House Nursing Home,KT11 3AS,Nursing homes,False,,previously_supplied_but_missing_from_hub,https://www.cqc.org.uk/location/1-4126012893
1-4309669977,Elysium Care Partnerships Limited - 1a Upper Brighton Road,KT6 6LQ,KT6 6,Registered,2017-09-26,Y,Residential homes,True,id_match,1-4309669977,Elysium Care Partnerships Limited - 1a Upper Brighton Road,KT6 6LQ,Residential homes,False,,previously_supplied_but_missing_from_hub,https://www.cqc.org.uk/location/1-4309669977
1-443534401,Tigh Grianan,KT19 9QP,KT19 9,Registered,2012-08-17,Y,Residential homes,True,id_match,1-443534401,Tigh Grianan,KT19 9QP,Residential homes,False,,previously_supplied_but_missing_from_hub,https://www.cqc.org.uk/location/1-443534401
1-4518081348,Liberham Lodge,KT23 4DY,KT23 4,Registered,2017-11-21,Y,Nursing homes,True,id_match,1-4518081348,Liberham Lodge,KT23 4DY,Nursing homes,False,,previously_supplied_but_missing_from_hub,https://www.cqc.org.uk/location/1-4518081348
1-4730683507,Oakley House Ltd,KT7 0LP,KT7 0,Registered,2018-01-15,Y,Residential homes,True,id_match,1-4730683507,Oakley House Ltd,KT7 0LP,Residential homes,False,,previously_supplied_but_missing_from_hub,https://www.cqc.org.uk/location/1-4730683507
1-4734428714,Chertsey Parklands Manor Care Home,KT16 9FS,KT16 9,Registered,2018-01-12,Y,Nursing homes,True,id_match,1-4734428714,Chertsey Parklands Manor Care Home,KT16 9FS,Nursing homes,False,,previously_supplied_but_missing_from_hub,https://www.cqc.org.uk/location/1-4734428714
1-4858684793,Willowmead,KT8 9LR,KT8 9,Registered,2018-02-13,N,Supported living,True,id_match,1-4858684793,Willowmead,KT8 9LR,Supported living,False,,previously_supplied_but_missing_from_hub,https://www.cqc.org.uk/location/1-4858684793
1-4910332958,Oakfield Nursing Home,KT21 2RD,KT21 2,Registered,2018-02-27,Y,Nursing homes,True,id_match,1-4910332958,Oakfield Nursing Home,KT21 2RD,Nursing homes,False,,previously_supplied_but_missing_from_hub,https://www.cqc.org.uk/location/1-4910332958
1-5013604773,Amber Home Carers Surrey,TW18 3HF,TW18 3,Registered,2018-04-16,N,Homecare agencies;Supported living,True,id_match,1-5013604773,Amber Home Carers Surrey,TW18 3HF,Homecare agencies|Supported living,False,,previously_supplied_but_missing_from_hub,https://www.cqc.org.uk/location/1-5013604773
1-5089632910,United Response - The Swallows 183 -189 Hanworth Road,TW12 3ED,TW12 3,Registered,2018-05-10,Y,Residential homes,True,id_match,1-5089632910,United Response - The Swallows 183 -189 Hanworth Road,TW12 3ED,Residential homes,False,,previously_supplied_but_missing_from_hub,https://www.cqc.org.uk/location/1-5089632910
1-5311490326,Guarantee Care Services Ltd,KT18 5AD,KT18 5,Registered,2018-10-04,N,Homecare agencies;Supported living,True,id_match,1-5311490326,Guarantee Care Services Ltd,KT18 5AD,Homecare agencies|Supported living,False,,previously_supplied_but_missing_from_hub,https://www.cqc.org.uk/location/1-5311490326
1-5438337696,Whitegates Care Centre Limited,TW18 1UG,TW18 1,Registered,2019-02-07,Y,Nursing homes,True,id_match,1-5438337696,Whitegates Care Centre Limited,TW18 1UG,Nursing homes,False,,previously_supplied_but_missing_from_hub,https://www.cqc.org.uk/location/1-5438337696
1-552131547,Silvermere Care Home,KT11 1EF,KT11 1,Registered,2012-12-17,Y,Residential homes,True,id_match,1-552131547,Silvermere Care Home,KT11 1EF,Residential homes,False,,previously_supplied_but_missing_from_hub,https://www.cqc.org.uk/location/1-552131547
1-5751133710,Hartfield House Care Home,KT22 7GQ,KT22 7,Registered,2018-09-17,Y,Nursing homes,True,id_match,1-5751133710,Hartfield House Care Home,KT22 7GQ,Nursing homes,False,,previously_supplied_but_missing_from_hub,https://www.cqc.org.uk/location/1-5751133710
1-5796585852,Royal Cambridge Home,KT8 9AH,KT8 9,Registered,2018-09-25,Y,Residential homes,True,id_match,1-5796585852,Royal Cambridge Home,KT8 9AH,Residential homes,False,,previously_supplied_but_missing_from_hub,https://www.cqc.org.uk/location/1-5796585852
1-595182006,Redroof House Supported Living,KT17 4AR,KT17 4,Registered,2013-01-25,N,Homecare agencies;Supported living,True,id_match,1-595182006,Redroof House Supported Living,KT17 4AR,Homecare agencies|Supported living,False,,previously_supplied_but_missing_from_hub,https://www.cqc.org.uk/location/1-595182006
1-6097028949,Burgh Heath Care Centre,KT18 5XA,KT18 5,Registered,2018-11-30,Y,Residential homes,True,id_match,1-6097028949,Burgh Heath Care Centre,KT18 5XA,Residential homes,False,,previously_supplied_but_missing_from_hub,https://www.cqc.org.uk/location/1-6097028949
1-6166330440,The Burlington,TW17 9EE,TW17 9,Registered,2018-12-17,Y,Residential homes,True,id_match,1-6166330440,The Burlington,TW17 9EE,Residential homes,False,,previously_supplied_but_missing_from_hub,https://www.cqc.org.uk/location/1-6166330440
1-657642041,Creating Lifestyles Surbiton Limited,KT6 5LA,KT6 5,Registered,2013-03-23,N,Supported living,True,id_match,1-657642041,Creating Lifestyles Surbiton Limited,KT6 5LA,Supported living,False,,previously_supplied_but_missing_from_hub,https://www.cqc.org.uk/location/1-657642041
1-658226873,The Summers,KT8 2NY,KT8 2,Registered,2013-08-19,Y,Nursing homes,True,id_match,1-658226873,The Summers,KT8 2NY,Nursing homes,False,,previously_supplied_but_missing_from_hub,https://www.cqc.org.uk/location/1-658226873
1-6844640707,Kings Lodge Care Centre,KT14 7BQ,KT14 7,Registered,2019-05-20,Y,Nursing homes,True,id_match,1-6844640707,Kings Lodge Care Centre,KT14 7BQ,Nursing homes,False,,previously_supplied_but_missing_from_hub,https://www.cqc.org.uk/location/1-6844640707
1-6948756020,Foxbridge Healthcare Solutions,KT9 1BD,KT9 1,Registered,2019-08-01,N,Homecare agencies;Supported living,True,id_match,1-6948756020,Foxbridge Healthcare Solutions,KT9 1BD,Homecare agencies|Supported living,False,,previously_supplied_but_missing_from_hub,https://www.cqc.org.uk/location/1-6948756020
1-744717194,The Royal Star & Garter Homes - Surbiton,KT6 6JY,KT6 6,Registered,2013-08-19,Y,Nursing homes,True,id_match,1-744717194,The Royal Star & Garter Homes - Surbiton,KT6 6JY,Nursing homes,False,,previously_supplied_but_missing_from_hub,https://www.cqc.org.uk/location/1-744717194
1-7580341768,Rivermede Court,TW20 9AD,TW20 9,Registered,2019-10-08,Y,Residential homes,True,id_match,1-7580341768,Rivermede Court,TW20 9AD,Residential homes,False,,previously_supplied_but_missing_from_hub,https://www.cqc.org.uk/location/1-7580341768
1-7699543356,Accordia Supported Living Services,KT22 7PL,KT22 7,Registered,2019-10-17,N,Supported living,True,id_match,1-7699543356,Accordia Supported Living Services,KT22 7PL,Supported living,False,,previously_supplied_but_missing_from_hub,https://www.cqc.org.uk/location/1-7699543356
1-785264652,Deer Park View Care Centre,TW11 0DX,TW11 0,Registered,2013-07-04,Y,Nursing homes,True,id_match,1-785264652,Deer Park View Care Centre,TW11 0DX,Nursing homes,False,,previously_supplied_but_missing_from_hub,https://www.cqc.org.uk/location/1-785264652
1-8365680230,Glebe House Care Home,TW18 1SB,TW18 1,Registered,2020-12-17,Y,Nursing homes,True,id_match,1-8365680230,Glebe House Care Home,TW18 1SB,Nursing homes,False,,previously_supplied_but_missing_from_hub,https://www.cqc.org.uk/location/1-8365680230
1-840450080,Elysium Care Partnerships Limited - 89 Ewell Road,KT6 6AH,KT6 6,Registered,2013-07-29,Y,Residential homes,True,id_match,1-840450080,Elysium Care Partnerships Limited - 89 Ewell Road,KT6 6AH,Residential homes,False,,previously_supplied_but_missing_from_hub,https://www.cqc.org.uk/location/1-840450080
1-8530575855,INNOVATIVE SUPPORT LTD,TW18 3BA,TW18 3,Registered,2020-04-16,N,Supported living,True,id_match,1-8530575855,INNOVATIVE SUPPORT LTD,TW18 3BA,Supported living,False,,previously_supplied_but_missing_from_hub,https://www.cqc.org.uk/location/1-8530575855
1-8531217650,Cossins House Care Home,KT11 3LZ,KT11 3,Registered,2020-04-07,Y,Residential homes,True,id_match,1-8531217650,Cossins House Care Home,KT11 3LZ,Residential homes,False,,previously_supplied_but_missing_from_hub,https://www.cqc.org.uk/location/1-8531217650
1-8680528358,QEF Care and Rehabilitation Centre,KT22 0BN,KT22 0,Registered,2020-06-15,Y,Nursing homes,True,id_match,1-8680528358,QEF Care and Rehabilitation Centre,KT22 0BN,Nursing homes,False,,previously_supplied_but_missing_from_hub,https://www.cqc.org.uk/location/1-8680528358
1-9654506648,17 Heathcote Road,KT18 5DX,KT18 5,Registered,2020-11-26,N,Supported living,True,id_match,1-9654506648,17 Heathcote Road,KT18 5DX,Supported living,False,,previously_supplied_but_missing_from_hub,https://www.cqc.org.uk/location/1-9654506648
1-9656286095,Emezzions Care,KT6 7LD,KT6 7,Registered,2020-10-06,N,Homecare agencies;Supported living,True,id_match,1-9656286095,Emezzions Care,KT6 7LD,Homecare agencies|Supported living,False,,previously_supplied_but_missing_from_hub,https://www.cqc.org.uk/location/1-9656286095
1-9660381734,Chandon,KT21 2TQ,KT21 2,Registered,2020-11-26,N,Supported living,True,id_match,1-9660381734,Chandon,KT21 2TQ,Supported living,False,,previously_supplied_but_missing_from_hub,https://www.cqc.org.uk/location/1-9660381734
1-9668348941,Mill Road,KT17 4AR,KT17 4,Registered,2020-11-26,N,Supported living,True,id_match,1-9668348941,Mill Road,KT17 4AR,Supported living,False,,previously_supplied_but_missing_from_hub,https://www.cqc.org.uk/location/1-9668348941
RXX17,Hillcroft,KT19 8QJ,KT19 8,Registered,2010-10-27,Y,Residential homes,True,id_match,RXX17,Hillcroft,KT19 8QJ,Residential homes,False,,previously_supplied_but_missing_from_hub,https://www.cqc.org.uk/location/RXX17
RXX18,The Shieling,KT19 8QJ,KT19 8,Registered,2010-10-27,Y,Residential homes,True,id_match,RXX18,The Shieling,KT19 8QJ,Residential homes,False,,previously_supplied_but_missing_from_hub,https://www.cqc.org.uk/location/RXX18
RXXFR,Ashmount,KT19 8QJ,KT19 8,Registered,2013-10-03,Y,Nursing homes,True,id_match,RXXFR,Ashmount,KT19 8QJ,Nursing homes,False,,previously_supplied_but_missing_from_hub,https://www.cqc.org.uk/location/RXXFR
RXXFT,Derby House,KT19 8QJ,KT19 8,Registered,2013-10-03,Y,Residential homes,True,id_match,RXXFT,Derby House,KT19 8QJ,Residential homes,False,,previously_supplied_but_missing_from_hub,https://www.cqc.org.uk/location/RXXFT
RXXHQ,Trust Headquarters,KT22 7AD,KT22 7,Registered,2010-06-18,N,Community services - Learning disabilities;Community services - Mental Health;Prison healthcare;Supported living;Community services - Substance abuse,True,id_match,RXXHQ,Trust Headquarters,KT22 7AD,Community services - Learning disabilities|Community services - Mental Health|Prison healthcare|Supported living|Community services - Substance abuse,False,,previously_supplied_but_missing_from_hub,https://www.cqc.org.uk/location/RXXHQ
RXXZ2,Jasmine at Primrose,KT19 8PB,KT19 8,Registered,2015-10-05,Y,Residential homes,True,id_match,RXXZ2,Jasmine at Primrose,KT19 8PB,Residential homes,False,,previously_supplied_but_missing_from_hub,https://www.cqc.org.uk/location/RXXZ2
RXXZ5,Kingscroft,TW18 1ED,TW18 1,Registered,2014-03-12,Y,Residential homes,True,id_match,RXXZ5,Kingscroft,TW18 1ED,Residential homes,False,,previously_supplied_but_missing_from_hub,https://www.cqc.org.uk/location/RXXZ5
