wp_row_index,wp_post_type,wp_post_status_hint,wp_title,wp_permalink,wp_franchisee_name,wp_contact_email,wp_facebook,bio_chars,match_method,match_confidence,matched_franchisee_id,matched_first_name,matched_last_name,matched_franchise_number,matched_organisation,matched_wp_title,matched_contact_email,live_website_bio_state,live_website_bio_len,alt_match_ids,alt_match_names,bio_excerpt
1,franchise,publish,Littlehampton & Bognor,https://www.creativemojo.com/blog/franchise/littlehampton-bognor/,Claire Smith,claire@creativemojo.co.uk,https://facebook.com/creativemojolittlehamptonandbognor,531,NO_MATCH,none,,,,,,,,n/a,0,,,"Hi, I'm Claire,  After being a teacher for 20 years I needed to have a flexible job that allowed me more time with my children but also allowed me to use the skills I had built up over the years.  I"
2,franchise,publish,Colchester & Districts,https://www.creativemojo.com/blog/franchise/clacton-on-sea/,Helen Lyons,helen@creativemojo.co.uk,https://www.facebook.com/CreativeMojoColchesterAndDistricts,552,email,high,1126d76c-1694-41bf-838f-c9b7671184a5,Helen,Lyons,0006,Creative Mojo Clacton & Districts,Colchester & Districts,helen@creativemojo.co.uk,blank,0,,,"Hello, I'm Helen,  I have run the Clacton-On-Sea Creative Mojo franchise since January 2018 and have recently expanded to include Colchester. After a 15 year career in the NHS I was ready for a chan"
3,franchise,publish,Clacton & Districts,https://www.creativemojo.com/blog/franchise/clactonanddistricts/,Helen Lyons,helen@creativemojo.co.uk,https://www.facebook.com/creativemojoclactonanddistricts/,503,email,high,1126d76c-1694-41bf-838f-c9b7671184a5,Helen,Lyons,0006,Creative Mojo Clacton & Districts,Colchester & Districts,helen@creativemojo.co.uk,blank,0,,,"Hello, I'm Helen,  I have run the Clacton-On-Sea Creative Mojo franchise since January 2018. After a 15 year career in the NHS I was ready for a change and wanted to do something worthwhile and rewa"
4,franchise,publish,Weston-Super-Mare,https://www.creativemojo.com/blog/franchise/weston-super-mare/,Mel Tyas-Peterson,mel@creativemojo.co.uk,https://facebook.com/creativemojowestonsupermare,222,NO_MATCH,none,,,,,,,,n/a,0,,,"Hi, I'm Mel,  The main reason I chose this business is the impact it makes on residents, it makes people so happy to get messy and have some fun. It’s a very contagious feeling! Plus it fits brillia"
5,franchise,publish,Exeter & District,https://www.creativemojo.com/blog/franchise/exeter-district/,Bel McDonald,bel@creativemojo.co.uk,https://facebook.com/creativemojoexeteranddistrict,921,email,high,fac8ec9b-4010-4af1-b36b-89811f7dc885,Bel,McDonald,0011,Creative Mojo Exeter & District,Exeter & District,bel@creativemojo.co.uk,blank,0,,,"Hi, I'm Bel,  I am a qualified primary school teacher and have taught in both mainstream and specialist schools. I have worked in a variety of care roles with people with physical disabilities and t"
6,franchise,publish,West Cardiff,https://www.creativemojo.com/blog/franchise/west-cardiff/,Sarah Craig,sarah.craig@creativemojo.co.uk,https://facebook.com/creativemojowestcardiff,533,NO_MATCH,none,,,,,,,,n/a,0,,,"Hi, I'm Sarah,  Having worked in secondary education for many years, I was in search of a new challenge - a chance to run my own business, to be creative and make a positive contribution in some way"
7,franchise,publish,"Norwich, Waveney & District",https://www.creativemojo.com/blog/franchise/norwich-waveney-district/,Foteini Araka,foteini@creativemojo.co.uk,https://facebook.com/creativemojonorwichwaveneyanddistrict,664,email,high,4aa70282-5443-4fdf-a542-2b99ec55d756,Foteini,Araka,0019,"Creative Mojo Norwich, Waveney & District","Norwich, Waveney & District",foteini@creativemojo.co.uk,blank,0,,,"Hi, I'm Foteini,  The best way to describe being part of the Creative Mojo family, is that it ‘feels’ right.  I used to care for my beloved grandfather whilst having dementia and being able to com"
8,franchise,publish,Warwick & District,https://www.creativemojo.com/blog/franchise/warwick-district/,Annette Falkingham,annette@creativemojo.co.uk,https://facebook.com/creativemojowarwickanddistrict,956,email,high,5a85573f-40aa-43e0-a855-a5a686f54a57,Annette,Falkingham,0024,Creative Mojo Coventry & Nuneaton,Coventry & Nuneaton,annette@creativemojo.co.uk,blank,0,,,"Hi, i’m Annette,  I have previous art and design experience, and have for many years worked with Riding for the Disabled (RDA), so working as a Creative Mojo’er seemed a really good fit.  I starte"
9,franchise,publish,"Redditch, Bromsgrove & Solihull",https://www.creativemojo.com/blog/franchise/redditch-bromsgrove-solihull/,Anita Priest,anita@creativemojo.co.uk,http://facebook.com/Creative-Mojo-Redditch-Bromsgrove-Solihull-341361083061589,434,email,high,74af0cd3-be16-4753-8f4e-badeb52bad76,Anita,Priest,0030,"Creative Mojo Redditch, Bromsgrove & Solihull","Redditch, Bromsgrove & Solihull",anita@creativemojo.co.uk,populated,141,,,"Hi, I'm Anita,  After attending art college and then university, obtaining qualifications in ceramics, I then became an interior decorator, now 30 years later I feel I've found the job I've always b"
10,franchise,publish,Creative Mojo Worcester,https://www.creativemojo.com/blog/franchise/creative-mojo-worcester/,Anna Squire,anna@creativemojo.co.uk,https://www.facebook.com/CreativeMojoWorcester,572,email,high,9fa204b8-10f4-43e0-b46e-c4e70dd98963,Anna,Squire,0032,Creative Mojo Worcester,Worcester,anna@creativemojo.co.uk,blank,0,,,"Hi, I'm Anna.  I am an artist but firstly I am a human being, and meeting other human beings and being able to share my love and passion for arts and crafts with other people who might be less fortu"
11,franchise,publish,Coventry & Nuneaton,https://www.creativemojo.com/blog/franchise/coventry-nuneaton/,Annette Falkingham,annette@creativemojo.co.uk,https://facebook.com/creativemojocoventryandnuneaton,956,email,high,5a85573f-40aa-43e0-a855-a5a686f54a57,Annette,Falkingham,0024,Creative Mojo Coventry & Nuneaton,Coventry & Nuneaton,annette@creativemojo.co.uk,blank,0,,,"Hi, i'm Annette,  I have previous art and design experience, and have for many years worked with Riding for the Disabled (RDA), so working as a Creative Mojo'er seemed a really good fit.  I starte"
12,franchise,publish,Greater West London,https://www.creativemojo.com/blog/franchise/greater-west-london/,Claire Henshall,claire.henshall@creativemojo.co.uk,https://facebook.com/CreativeMojoGreaterWestLondon,1142,email,high,8a4cb4e4-417f-4bc4-b648-f19b198ca886,Claire,Henshall,0029,Creative Mojo Greater West London,Greater West London,claire.henshall@creativemojo.co.uk,blank,0,,,"Hi, I'm Claire.  I have always been very creative in nature, making gifts and cards for family from all sorts of things as a very young girl, through to studying Art & Design at College and speciali"
13,franchise,publish,Cambridge & Peterborough,https://www.creativemojo.com/blog/franchise/cambridge-peterborough/,Jenni Tilbrook,jenni@creativemojo.co.uk,https://facebook.com/creativemojocambridgeandpeterborough,261,email,high,c022f5eb-248d-45e7-93ce-f2f95e00ea87,Jenni,Tilbrook,0031,Creative Mojo Cambridge & Peterborough,Cambridge & Peterborough,jenni@creativemojo.co.uk,blank,0,,,"Hi, I'm Jenni,  I've always been a creative person including sewing, paper crafts, card making and scrapbooking. I loved the idea of joining Creative Mojo as being a people person, I get to share th"
14,franchise,publish,Mid Devon & West Somerset,https://www.creativemojo.com/blog/franchise/mid-devon-north-somerset/,Colette Neave,colette@creativemojo.co.uk,https://facebook.com/Creative-Mojo-Mid-Devon-West-Somerset-2420562057960369,738,NO_MATCH,none,,,,,,,,n/a,0,,,"Hi I’m Colette,  I have a wide range of experience with the elderly, in particular people with Dementia; assisting them on their journey and being able to support them is the most rewarding feeling."
15,franchise,publish,"Crowthorne, Wokingham, Bracknell & Reading",https://www.creativemojo.com/blog/franchise/crowthorne-wokingham-bracknell-reading/,Cheryl & Johann du Plooy,cheryl@creativemojo.co.uk,https://www.facebook.com/CreativeMojoCrowthorneWokinghamBracknellAndReading,604,email,high,e27ee3c6-b321-4bf2-b4b5-6f385aab2b16,Cheryl,du Plooy,0047,"Creative Mojo Crowthorne, Wokingham, Reading, Ascot, Bagshot, Bracknell, Camberley and surrounding areas","Crowthorne, Wokingham, Bracknell & Reading",cheryl@creativemojo.co.uk,blank,0,,,"Hi, we are Cheryl & Johann,  Johann and I have both been in the print design, printing and promotional printing industry for over thirty years before relocating to the U.K. in 2014 and for the past "
16,franchise,publish,Shrewsbury & Telford,https://www.creativemojo.com/blog/franchise/shrewsbury-telford/,Lucinda Morris,lucinda@creativemojo.co.uk,https://www.facebook.com/CreativeMojoShrewsburyAndTelford,577,NO_MATCH,none,,,,,,,,n/a,0,,,"Hi I'm Lucinda,  I've always had an interest in being creative and crafting. After many years in accountancy I finally decided to do something I really enjoy and gave up accountancy to concentrate o"
17,franchise,publish,North West London,https://www.creativemojo.com/blog/franchise/north-west-london/,Paloma Ibarra,paloma@creativemojo.co.uk,https://www.facebook.com/Creative-Mojo-North-West-London-854441298225281,951,email,high,ccb1e702-9064-45a2-8a42-4ddc12d6c1a9,Paloma,Ibarra,0059,Creative Mojo North West London,North West London,paloma@creativemojo.co.uk,blank,0,,,"Hi, i'm Paloma,  After many years working in an office I decided to change my life 360 degrees and work for something that I’m passionate about and makes myself and other people happy.  After some"
18,franchise,publish,Glasgow & Clyde,https://www.creativemojo.com/blog/franchise/glasgow-clyde/,Lucy Cook,lucy@creativemojo.co.uk,https://facebook.com/Creative-Mojo-Glasgow-Clyde-794995264233882/?business_id=1067136643338520,895,email,high,c0b315d2-9099-4180-bea2-680c808e84b6,Lucy,Cook,0061,Creative Mojo Glasgow & Clyde,Glasgow & Clyde,lucy@creativemojo.co.uk,blank,0,,,"Hi I'm Lucy,  I truly believe that everyone can be creative and that actively engaging in visual arts and crafts is hugely beneficial to the well being of the elderly and vulnerable people that Crea"
19,franchise,publish,Central Scotland,https://www.creativemojo.com/blog/franchise/central-scotland/,Gail Wright,gail@creativemojo.co.uk,https://facebook.com/Creative-Mojo-Central-Scotland-697019720727514/?business_id=1067136643338520,561,email,high,35479f2c-5304-46d7-8a28-eebcedaf59d5,Gail,Wright,0046,Creative Mojo Central Scotland,Central Scotland,gail@creativemojo.co.uk,blank,0,,,"Hi I’m Gail,  After 27 years of running my Health Food Shop, I felt the time was right to try something different. I’ve loved every minute of it, but I wanted to do something that gave me more flexi"
20,franchise,publish,Manchester West,https://www.creativemojo.com/blog/franchise/manchester-west/,Sarah Keeler Dawson,sarahkd@creativemojo.co.uk,https://facebook.com/Creative-Mojo-Manchester-West-459712041470088/?business_id=1067136643338520,613,email,high,dbec668f-d376-410f-8c6a-13f693c6d156,Sarah,Keeler Dawson,0064,Creative Mojo Manchester West,Manchester West,sarahkd@creativemojo.co.uk,blank,0,,,"Hi, I’m Sarah,  Since 2015 I've been lucky enough to work within the learning disability community, in residential and supported living homes and with community groups, teaching arts and crafts. Alo"
21,franchise,publish,Bishops Stortford,https://www.creativemojo.com/blog/franchise/bishops-stortford/,Claire Stallan,claire.stallan@creativemojo.co.uk,https://www.facebook.com/Creative-Mojo-Bishops-Stortford-100583311304079,1472,email,high,b188cab2-b1f4-4aa2-ac9c-d72490b22886,Claire,Stallan,0063,Creative Mojo Bishops Stortford,Bishops Stortford,claire.stallan@creativemojo.co.uk,blank,0,,,"Hi I’m Claire,  After leaving my secretarial job at a Stockbroker’s in London when I had my children, I began working at a local primary school which enabled me to be back in the workplace whilst st"
22,franchise,draft,Glasgow & Clyde,https://www.creativemojo.com/?post_type=franchise&p=1143,Glasgow & Clyde,,,0,title (multiple),ambiguous,c0b315d2-9099-4180-bea2-680c808e84b6,Lucy,Cook,0061,Creative Mojo Glasgow & Clyde,Glasgow & Clyde,lucy@creativemojo.co.uk,blank,0,c0b315d2-9099-4180-bea2-680c808e84b6,Lucy Cook,
23,franchise,publish,"Chichester, Portsmouth & Surrounding Areas",https://www.creativemojo.com/blog/franchise/chichester-portsmouth-surrounding-areas/,Kym Devine,kym@creativemojo.co.uk,https://facebook.com/CreativeMojoChichesterPortsmouthAndSurroundingArea/,990,NO_MATCH,none,,,,,,,,n/a,0,,,"Hi, I'm Kym,  I love being part of the Mojo family and the joy of working with and encouraging individuals of all abilities and backgrounds to explore their own creativity. I’ve always enjoyed art a"
24,franchise,publish,Axminster,https://www.creativemojo.com/blog/franchise/axminster/,Bel McDonald,bel@creativemojo.co.uk,https://facebook.com/creativemojoexeteranddistrict,921,email,high,fac8ec9b-4010-4af1-b36b-89811f7dc885,Bel,McDonald,0011,Creative Mojo Exeter & District,Exeter & District,bel@creativemojo.co.uk,blank,0,,,"Hi, I'm Bel,  I am a qualified primary school teacher and have taught in both mainstream and specialist schools. I have worked in a variety of care roles with people with physical disabilities and t"
25,franchise,publish,Creative Mojo Birmingham,https://www.creativemojo.com/blog/franchise/birmingham/,Fiona Trice,fiona.trice@creativemojo.co.uk,https://www.facebook.com/CreativeMojoBirmingham/,689,NO_MATCH,none,,,,,,,,n/a,0,,,"Hi, my name is Fiona.  I am a 22 year old with a passion for all things creative. As well as drawing and making crafts my whole life, I have previous experience with A Levels in art and graphics, as"
26,franchise,publish,"Unfortunately, we have no regional representative running in this area.",https://www.creativemojo.com/blog/franchise/hq/,Please contact Sandra Caldeira-Dunkerley for any information.,sandra@creativemojo.co.uk,https://www.facebook.com/creativemojoltd,365,NO_MATCH,none,,,,,,,,n/a,0,,,"We would love to cover every area of the UK with our representatives, but until this can happen, these areas of the UK are managed by our head office and often provide delivered art kits in the interi"
27,franchise,publish,Stockport & East Cheshire,https://www.creativemojo.com/blog/franchise/stockport-and-east-cheshire/,Jane Farrelly,jane@creativemojo.co.uk,https://www.facebook.com/CreativeMojoStockportAndCheshireEast,786,email,high,74db49b0-d928-41ca-bb65-69a9d876297d,Jane,Farrelly,0076,Creative Mojo Stockport & Cheshire East,Stockport & East Cheshire,jane@creativemojo.co.uk,blank,0,,,"Hi I'm Jane,  Since 2017, when I returned from Dubai, where I had been living for 6 years, I set up The Art Hub, a community art studio in the Cheshire village of Bramhall, which offers classes and "
28,franchise,publish,"Creative Mojo Leighton Buzzard, Milton Keynes & Aylesbury",https://www.creativemojo.com/blog/franchise/creative-mojo-leighton-buzzard-milton-keynes-aylesbury/,Emma Lunt,emma.lunt@creativemojo.co.uk,https://www.facebook.com/CreativeMojoLeightonBuzzardMiltonKeynesAylesbury,1010,NO_MATCH,none,,,,,,,,n/a,0,,,"Hi, I’m Emma,  I have been a teacher for almost 20 years, predominately in primary and early years education, but also of teenagers and adults. As a teacher I have a deep understanding of how to fac"
29,franchise,draft,Creative Mojo Mid Sussex & Royal Tunbridge Wells,https://www.creativemojo.com/?post_type=franchise&p=4379,Loraine Macintyre,loraine@creativemojo.co.uk,https://www.facebook.com/CreativeMojoMidSussexAndRoyalTunbridgeWells,1126,NO_MATCH,none,,,,,,,,n/a,0,,,"Hi, I’m Loraine,  I qualified in the dental profession many moons ago and have experience working with specialist teams within acute hospitals and care homes ensuring patients receive quality care, "
30,franchise,publish,Creative Mojo Isle Of Man,https://www.creativemojo.com/blog/franchise/creative-mojo-isle-of-man/,Tracy Thomson,tracy@creativemojo.co.uk,https://www.facebook.com/CreativeMojoIsleOfMan,444,NO_MATCH,none,,,,,,,,n/a,0,,,"Hello I'm Tracy,  Alongside working as a nurse for the ambulance service I love all things art and crafty. As a hobby I make gifts for friends and family and also selling many items. I am excited to"
31,franchise,publish,Creative Mojo Hertford & Stevenage,https://www.creativemojo.com/blog/franchise/creative-mojo-hertford-stevenage/,Amarjit Devsi,devsi@creativemojo.co.uk,https://www.facebook.com/CreativeMojoHertfordAndStevenage,596,NO_MATCH,none,,,,,,,,n/a,0,,,"Hi, I am Devsi,  I am a qualified Chartered Architect with keen interest in the benefits of using art and craft to engage, motivate and inspire the elderly, in particular people with Dementia.  Th"
32,franchise,publish,Creative Mojo Bedford & District,https://www.creativemojo.com/blog/franchise/creative-mojo-bedford-district/,Joanne Goodrum,joanne@creativemojo.co.uk,https://www.facebook.com/CreativeMojoBedfordAndDistrict/,1426,email,high,2f665d16-bd13-446b-9e03-bd03306c8a96,Joanne,Goodrum,0082,Creative Mojo Bedford & District,Bedford & District,joanne@creativemojo.co.uk,blank,0,,,"Hi there,  My name is Joanne, but most people call me Jo.  My link to all things creative started as a child and I was always playing and experimenting in the creative area while at school. I soon"
33,franchise,private,Creative Mojo Cheshire West & Warrington,https://www.creativemojo.com/blog/franchise/creative-mojo-cheshire-west-warrington/,Yvonne Hornby,yvonne@creativemojo.co.uk,https://www.facebook.com/CreativeMojoCheshireWestAndWarrington,672,NO_MATCH,none,,,,,,,,n/a,0,,,"Hi, I’m Yvonne  I have always loved art and worked as a graphic designer for many years. Although no Rembrandt! I enjoy drawing, painting & craft and take time to visit galleries and exhibitions whene"
34,franchise,publish,Creative Mojo South Oxon & Thames Valley,https://www.creativemojo.com/blog/franchise/creative-mojo-south-oxon-thames-valley/,Shelley Rees,shelley@creativemojo.co.uk,https://www.facebook.com/SouthOxonAndThamesValley/,16,email,high,fe375566-2758-4dab-912b-13c8d5c2bb1d,Shelley,Rees,0081,Creative Mojo South Oxon & Thames Valley,South Oxon & Thames Valley,shelley@creativemojo.co.uk,blank,0,,,"Hi, I’m Shelley,"
35,franchise,publish,"Creative Mojo Dartford, Bexley & Rochester",https://www.creativemojo.com/blog/franchise/dartford-bexley-rochester/,Nina Nanjo,nina@creativemojo.co.uk,https://www.facebook.com/CreativeMojoDartfordBexleyAndRochester/,1128,email,high,83d8e616-6e3c-4f14-9083-9ef7d747d80f,Nina,Nanjo,0084,"Dartford, Bexley & Rochester","Dartford, Bexley & Rochester",nina@creativemojo.co.uk,blank,0,,,"Hi, I’m Nina.  I have always wanted to use my creative skill whilst helping others. I am thrilled to run Creative Mojo classes in Bexley, Dartford, Gravesend, and Medway, where I can share my love f"
36,franchise,publish,"Creative Mojo Guildford, Farnham & Basingstoke",https://www.creativemojo.com/blog/franchise/creative-mojo-guildford-farnham-and-basingstoke/,Emma & Victoria Hughes,emma@creativemojo.co.uk,https://www.facebook.com/CreativeMojoGuildfordFarnhamAndBasingstoke,655,email,high,1c17d17e-42eb-405a-a141-ef3915cb2d9c,Emma,Hughes,0085,"Creative Mojo Guildford, Farnham & Basingstoke","Guildford, Farnham & Basingstoke",emma@creativemojo.co.uk,blank,0,,,"Hi, we're Emma and Victoria, sister in-laws who have embarked on a new and exciting venture together.  We've both worked in care for most of our adult lives. We both have worked with learning disabi"
37,franchise,private,Creative Mojo Eastbourne & Bexhill,https://www.creativemojo.com/blog/franchise/creative-mojo-eastbourne-bexhill/,Juliette Walter,juliette@creativemojo.co.uk,https://www.facebook.com/CreativeMojoEastbourneAndBexhill,518,NO_MATCH,none,,,,,,,,n/a,0,,,"Hi, I’m Juliette.  My previous experience in working with the elderly was as an Activities Coordinator in a residential Dementia home. I loved working with the residents, seeing the difference a fun"
38,franchise,publish,"Creative Mojo Kidderminster, Dudley & Wolverhampton West",https://www.creativemojo.com/blog/franchise/creative-mojo-kidderminster-dudley-wolverhampton-west/,Helen Reeves,hels@creativemojo.co.uk,https://www.facebook.com/CreativeMojoKidderminsterDudleyAndWolverhampton,14,email,high,4d18d748-d134-4764-b449-1f81cbb3969d,Helen,Reeves,0087,"Creative Mojo Kidderminster, Dudley & Wolverhampton West","Kidderminster, Dudley & Wolverhampton West",hels@creativemojo.co.uk,blank,0,,,"Hi, I’m Helen."
39,franchise,publish,"Creative Mojo North Wales East, Deeside & Chester South",https://www.creativemojo.com/blog/franchise/creative-mojo-north-wales-east-deeside-and-chester-south/,Debbie Bell,debbie@creativemojo.co.uk,https://www.facebook.com/CreativeMojoNorthWalesEastDeesideAndChesterSouth,517,email,high,85ff128c-cc58-47ca-a409-a71eb677a1b4,Debbie,Bell,0088,"Creative Mojo North Wales East, Deeside & Chester South","North Wales East, Deeside & Chester South",debbie@creativemojo.co.uk,blank,0,,,"Hi, I’m Debbie,  I have loved art and craft and being creative for as long as I can remember.  I love the endless possibilities that different materials and new ideas can bring.  My family has always "
40,franchise,publish,Creative Mojo Southampton & Winchester,https://www.creativemojo.com/blog/franchise/creative-mojo-southampton-and-winchester/,Alison Watson,alison@creativemojo.co.uk,https://www.facebook.com/CreativeMoioSouthamptonAndWinchester,677,email,high,3b54e20a-cdb1-41e3-a107-9f7c1e0125a4,Alison,Watson,0089,Creative Mojo Southampton & Winchester,Southampton & Winchester,alison@creativemojo.co.uk,blank,0,,,"Hi, I’m Alison.  With over 30 years of experience as a teacher, I have dedicated my career to fostering creativity and inspiring minds. Known for my love for arts and crafts, I have led a variety of w"
41,franchise,publish,Creative Mojo Lancashire And Surrounding Areas,https://www.creativemojo.com/blog/franchise/creative-mojo-lancashire-and-surrounding-areas/,Fay Kinsella,fay@creativemojo.co.uk,https://www.facebook.com/CreativeMojoLancashireAndSurroundingAreas,642,email,high,dfaac128-5c7c-45ea-95cd-c7807e461667,Fay,Kinsella,0090,Creative Mojo Central Lancashire and Surrounding Areas,Lancashire And Surrounding Areas,fay@creativemojo.co.uk,blank,0,,,"Hi, I’m Fay.  I’m delighted to have joined Creative Mojo and share my creativity while making a positive difference in my community. As a textile artist, I love exploring colour, texture, and design "
42,franchise,publish,"Creative Mojo Belfast, Antrim, Banbridge, Craigavon & Dungannon",https://www.creativemojo.com/blog/franchise/creative-mojo-belfast-antrim-banbridge-craigavon-dungannon/,Helen Bell,helen.bell@creativemojo.co.uk,https://www.facebook.com/CreativeMojoBelfastAndAntrim,1941,email,high,e5259766-aa11-44b5-aea5-415ca1b70b82,Helen,Bell,0093,"Creative Mojo Belfast, Antrim, Banbridge, Craigavon & Dungannon","Belfast, Antrim, Banbridge, Craigavon & Dungannon",helen.bell@creativemojo.co.uk,blank,0,,,"Helen brings over a decade of experience delivering engaging, inclusive art workshops in nursing care homes, day centers, sheltered housing, private homes, community groups, and children’s events. She"
43,franchise,publish,"Creative Mojo Kingston upon Thames, Weybridge & Cobham",https://www.creativemojo.com/blog/franchise/creative-mojo-kingston-upon-thames-weybridge-cobham/,Clementina Phillips,clementina@creativemojo.co.uk,https://www.facebook.com/KingstonUponThamesWeybridgeAndCobham,3850,email,high,6bbf65a1-af0c-4c00-abe1-f2814766e230,Clementina,Phillips,0091,"Creative Mojo Kingston upon Thames, Weybridge & Cobham","Kingston upon Thames, Weybridge & Cobham",clementina@creativemojo.co.uk,blank,0,,,"Let's create something beautiful together! Hello, I'm Clementina Phillips, an award-winning creative arts facilitator and textile artist hailing from Australia. I help people discover their creative "
44,franchise,publish,"Creative Mojo Axminster, Sidmouth, Lyme, Bridport, Dorchester and Weymouth",https://www.creativemojo.com/blog/franchise/creative-mojo-axminster-sidmouth-lyme-bridport-dorchester-and-weymouth/,Monica Diodato,monica@creativemojo.co.uk,https://www.facebook.com/creativemojoltd,22,email,high,febd57cf-600d-4b44-bebc-6a9177984832,Monica,Diodato,0094,"Creative Mojo Axminster, Seaton, Lyme, Bridport, Dorchester & Weymouth","Axminster, Sidmouth, Lyme, Bridport, Dorchester and Weymouth",monica@creativemojo.co.uk,populated,266,,,Biography here to come
